creative_id,title,angle,tier,source,source_width,source_height,platform,format,purpose,ratio,width,height,file
real-block-paved-driveway-before-after,Real driveway 50/50,Driveway kerb appeal,real-proof,assets/images/real-work/real-block-paved-driveway-before-after.webp,1600,1060,meta,feed-square-1080x1080,Facebook/Instagram Feed square,1:1,1080,1080,assets/ad-exports/meta/feed-square-1080x1080/antsjets-real-block-paved-driveway-before-after-1080x1080.jpg
real-block-paved-driveway-before-after,Real driveway 50/50,Driveway kerb appeal,real-proof,assets/images/real-work/real-block-paved-driveway-before-after.webp,1600,1060,meta,feed-portrait-1080x1350,Facebook/Instagram Feed portrait,4:5,1080,1350,assets/ad-exports/meta/feed-portrait-1080x1350/antsjets-real-block-paved-driveway-before-after-1080x1350.jpg
real-block-paved-driveway-before-after,Real driveway 50/50,Driveway kerb appeal,real-proof,assets/images/real-work/real-block-paved-driveway-before-after.webp,1600,1060,meta,stories-reels-1080x1920,Stories/Reels vertical,9:16,1080,1920,assets/ad-exports/meta/stories-reels-1080x1920/antsjets-real-block-paved-driveway-before-after-1080x1920.jpg
real-block-paved-driveway-before-after,Real driveway 50/50,Driveway kerb appeal,real-proof,assets/images/real-work/real-block-paved-driveway-before-after.webp,1600,1060,meta,link-landscape-1200x628,Facebook link/ad landscape,1.91:1,1200,628,assets/ad-exports/meta/link-landscape-1200x628/antsjets-real-block-paved-driveway-before-after-1200x628.jpg
real-block-paved-driveway-before-after,Real driveway 50/50,Driveway kerb appeal,real-proof,assets/images/real-work/real-block-paved-driveway-before-after.webp,1600,1060,google,landscape-1200x628,Google Ads landscape image,1.91:1,1200,628,assets/ad-exports/google/landscape-1200x628/antsjets-real-block-paved-driveway-before-after-1200x628.jpg
real-block-paved-driveway-before-after,Real driveway 50/50,Driveway kerb appeal,real-proof,assets/images/real-work/real-block-paved-driveway-before-after.webp,1600,1060,google,square-1200x1200,Google Ads square image,1:1,1200,1200,assets/ad-exports/google/square-1200x1200/antsjets-real-block-paved-driveway-before-after-1200x1200.jpg
real-block-paved-driveway-before-after,Real driveway 50/50,Driveway kerb appeal,real-proof,assets/images/real-work/real-block-paved-driveway-before-after.webp,1600,1060,google,portrait-960x1200,Google Ads portrait image,4:5,960,1200,assets/ad-exports/google/portrait-960x1200/antsjets-real-block-paved-driveway-before-after-960x1200.jpg
real-block-paved-driveway-before-after,Real driveway 50/50,Driveway kerb appeal,real-proof,assets/images/real-work/real-block-paved-driveway-before-after.webp,1600,1060,google,display-300x250,Medium rectangle,6:5,300,250,assets/ad-exports/google/display-300x250/antsjets-real-block-paved-driveway-before-after-300x250.jpg
real-block-paved-driveway-before-after,Real driveway 50/50,Driveway kerb appeal,real-proof,assets/images/real-work/real-block-paved-driveway-before-after.webp,1600,1060,google,display-728x90,Leaderboard,728:90,728,90,assets/ad-exports/google/display-728x90/antsjets-real-block-paved-driveway-before-after-728x90.jpg
real-block-paved-driveway-before-after,Real driveway 50/50,Driveway kerb appeal,real-proof,assets/images/real-work/real-block-paved-driveway-before-after.webp,1600,1060,google,display-160x600,Wide skyscraper,4:15,160,600,assets/ad-exports/google/display-160x600/antsjets-real-block-paved-driveway-before-after-160x600.jpg
real-block-paved-driveway-before-after,Real driveway 50/50,Driveway kerb appeal,real-proof,assets/images/real-work/real-block-paved-driveway-before-after.webp,1600,1060,google,display-300x600,Half page,1:2,300,600,assets/ad-exports/google/display-300x600/antsjets-real-block-paved-driveway-before-after-300x600.jpg
real-block-paved-driveway-before-after,Real driveway 50/50,Driveway kerb appeal,real-proof,assets/images/real-work/real-block-paved-driveway-before-after.webp,1600,1060,google,display-320x50,Mobile leaderboard,32:5,320,50,assets/ad-exports/google/display-320x50/antsjets-real-block-paved-driveway-before-after-320x50.jpg
real-sandstone-patio-main-before-after,Real sandstone patio 50/50,Patio refresh,real-proof,assets/images/real-work/real-sandstone-patio-main-before-after.webp,1600,1060,meta,feed-square-1080x1080,Facebook/Instagram Feed square,1:1,1080,1080,assets/ad-exports/meta/feed-square-1080x1080/antsjets-real-sandstone-patio-main-before-after-1080x1080.jpg
real-sandstone-patio-main-before-after,Real sandstone patio 50/50,Patio refresh,real-proof,assets/images/real-work/real-sandstone-patio-main-before-after.webp,1600,1060,meta,feed-portrait-1080x1350,Facebook/Instagram Feed portrait,4:5,1080,1350,assets/ad-exports/meta/feed-portrait-1080x1350/antsjets-real-sandstone-patio-main-before-after-1080x1350.jpg
real-sandstone-patio-main-before-after,Real sandstone patio 50/50,Patio refresh,real-proof,assets/images/real-work/real-sandstone-patio-main-before-after.webp,1600,1060,meta,stories-reels-1080x1920,Stories/Reels vertical,9:16,1080,1920,assets/ad-exports/meta/stories-reels-1080x1920/antsjets-real-sandstone-patio-main-before-after-1080x1920.jpg
real-sandstone-patio-main-before-after,Real sandstone patio 50/50,Patio refresh,real-proof,assets/images/real-work/real-sandstone-patio-main-before-after.webp,1600,1060,meta,link-landscape-1200x628,Facebook link/ad landscape,1.91:1,1200,628,assets/ad-exports/meta/link-landscape-1200x628/antsjets-real-sandstone-patio-main-before-after-1200x628.jpg
real-sandstone-patio-main-before-after,Real sandstone patio 50/50,Patio refresh,real-proof,assets/images/real-work/real-sandstone-patio-main-before-after.webp,1600,1060,google,landscape-1200x628,Google Ads landscape image,1.91:1,1200,628,assets/ad-exports/google/landscape-1200x628/antsjets-real-sandstone-patio-main-before-after-1200x628.jpg
real-sandstone-patio-main-before-after,Real sandstone patio 50/50,Patio refresh,real-proof,assets/images/real-work/real-sandstone-patio-main-before-after.webp,1600,1060,google,square-1200x1200,Google Ads square image,1:1,1200,1200,assets/ad-exports/google/square-1200x1200/antsjets-real-sandstone-patio-main-before-after-1200x1200.jpg
real-sandstone-patio-main-before-after,Real sandstone patio 50/50,Patio refresh,real-proof,assets/images/real-work/real-sandstone-patio-main-before-after.webp,1600,1060,google,portrait-960x1200,Google Ads portrait image,4:5,960,1200,assets/ad-exports/google/portrait-960x1200/antsjets-real-sandstone-patio-main-before-after-960x1200.jpg
real-sandstone-patio-main-before-after,Real sandstone patio 50/50,Patio refresh,real-proof,assets/images/real-work/real-sandstone-patio-main-before-after.webp,1600,1060,google,display-300x250,Medium rectangle,6:5,300,250,assets/ad-exports/google/display-300x250/antsjets-real-sandstone-patio-main-before-after-300x250.jpg
real-sandstone-patio-main-before-after,Real sandstone patio 50/50,Patio refresh,real-proof,assets/images/real-work/real-sandstone-patio-main-before-after.webp,1600,1060,google,display-728x90,Leaderboard,728:90,728,90,assets/ad-exports/google/display-728x90/antsjets-real-sandstone-patio-main-before-after-728x90.jpg
real-sandstone-patio-main-before-after,Real sandstone patio 50/50,Patio refresh,real-proof,assets/images/real-work/real-sandstone-patio-main-before-after.webp,1600,1060,google,display-160x600,Wide skyscraper,4:15,160,600,assets/ad-exports/google/display-160x600/antsjets-real-sandstone-patio-main-before-after-160x600.jpg
real-sandstone-patio-main-before-after,Real sandstone patio 50/50,Patio refresh,real-proof,assets/images/real-work/real-sandstone-patio-main-before-after.webp,1600,1060,google,display-300x600,Half page,1:2,300,600,assets/ad-exports/google/display-300x600/antsjets-real-sandstone-patio-main-before-after-300x600.jpg
real-sandstone-patio-main-before-after,Real sandstone patio 50/50,Patio refresh,real-proof,assets/images/real-work/real-sandstone-patio-main-before-after.webp,1600,1060,google,display-320x50,Mobile leaderboard,32:5,320,50,assets/ad-exports/google/display-320x50/antsjets-real-sandstone-patio-main-before-after-320x50.jpg
real-sandstone-patio-side-before-after,Real patio side angle,Patio carousel backup,real-proof,assets/images/real-work/real-sandstone-patio-side-before-after.webp,1600,1060,meta,feed-square-1080x1080,Facebook/Instagram Feed square,1:1,1080,1080,assets/ad-exports/meta/feed-square-1080x1080/antsjets-real-sandstone-patio-side-before-after-1080x1080.jpg
real-sandstone-patio-side-before-after,Real patio side angle,Patio carousel backup,real-proof,assets/images/real-work/real-sandstone-patio-side-before-after.webp,1600,1060,meta,feed-portrait-1080x1350,Facebook/Instagram Feed portrait,4:5,1080,1350,assets/ad-exports/meta/feed-portrait-1080x1350/antsjets-real-sandstone-patio-side-before-after-1080x1350.jpg
real-sandstone-patio-side-before-after,Real patio side angle,Patio carousel backup,real-proof,assets/images/real-work/real-sandstone-patio-side-before-after.webp,1600,1060,meta,stories-reels-1080x1920,Stories/Reels vertical,9:16,1080,1920,assets/ad-exports/meta/stories-reels-1080x1920/antsjets-real-sandstone-patio-side-before-after-1080x1920.jpg
real-sandstone-patio-side-before-after,Real patio side angle,Patio carousel backup,real-proof,assets/images/real-work/real-sandstone-patio-side-before-after.webp,1600,1060,meta,link-landscape-1200x628,Facebook link/ad landscape,1.91:1,1200,628,assets/ad-exports/meta/link-landscape-1200x628/antsjets-real-sandstone-patio-side-before-after-1200x628.jpg
real-sandstone-patio-side-before-after,Real patio side angle,Patio carousel backup,real-proof,assets/images/real-work/real-sandstone-patio-side-before-after.webp,1600,1060,google,landscape-1200x628,Google Ads landscape image,1.91:1,1200,628,assets/ad-exports/google/landscape-1200x628/antsjets-real-sandstone-patio-side-before-after-1200x628.jpg
real-sandstone-patio-side-before-after,Real patio side angle,Patio carousel backup,real-proof,assets/images/real-work/real-sandstone-patio-side-before-after.webp,1600,1060,google,square-1200x1200,Google Ads square image,1:1,1200,1200,assets/ad-exports/google/square-1200x1200/antsjets-real-sandstone-patio-side-before-after-1200x1200.jpg
real-sandstone-patio-side-before-after,Real patio side angle,Patio carousel backup,real-proof,assets/images/real-work/real-sandstone-patio-side-before-after.webp,1600,1060,google,portrait-960x1200,Google Ads portrait image,4:5,960,1200,assets/ad-exports/google/portrait-960x1200/antsjets-real-sandstone-patio-side-before-after-960x1200.jpg
real-sandstone-patio-side-before-after,Real patio side angle,Patio carousel backup,real-proof,assets/images/real-work/real-sandstone-patio-side-before-after.webp,1600,1060,google,display-300x250,Medium rectangle,6:5,300,250,assets/ad-exports/google/display-300x250/antsjets-real-sandstone-patio-side-before-after-300x250.jpg
real-sandstone-patio-side-before-after,Real patio side angle,Patio carousel backup,real-proof,assets/images/real-work/real-sandstone-patio-side-before-after.webp,1600,1060,google,display-728x90,Leaderboard,728:90,728,90,assets/ad-exports/google/display-728x90/antsjets-real-sandstone-patio-side-before-after-728x90.jpg
real-sandstone-patio-side-before-after,Real patio side angle,Patio carousel backup,real-proof,assets/images/real-work/real-sandstone-patio-side-before-after.webp,1600,1060,google,display-160x600,Wide skyscraper,4:15,160,600,assets/ad-exports/google/display-160x600/antsjets-real-sandstone-patio-side-before-after-160x600.jpg
real-sandstone-patio-side-before-after,Real patio side angle,Patio carousel backup,real-proof,assets/images/real-work/real-sandstone-patio-side-before-after.webp,1600,1060,google,display-300x600,Half page,1:2,300,600,assets/ad-exports/google/display-300x600/antsjets-real-sandstone-patio-side-before-after-300x600.jpg
real-sandstone-patio-side-before-after,Real patio side angle,Patio carousel backup,real-proof,assets/images/real-work/real-sandstone-patio-side-before-after.webp,1600,1060,google,display-320x50,Mobile leaderboard,32:5,320,50,assets/ad-exports/google/display-320x50/antsjets-real-sandstone-patio-side-before-after-320x50.jpg
real-block-driveway-garage-before-after,Real garage driveway 50/50,Driveway retargeting,real-proof,assets/images/real-work/real-block-driveway-garage-before-after.webp,1600,1060,meta,feed-square-1080x1080,Facebook/Instagram Feed square,1:1,1080,1080,assets/ad-exports/meta/feed-square-1080x1080/antsjets-real-block-driveway-garage-before-after-1080x1080.jpg
real-block-driveway-garage-before-after,Real garage driveway 50/50,Driveway retargeting,real-proof,assets/images/real-work/real-block-driveway-garage-before-after.webp,1600,1060,meta,feed-portrait-1080x1350,Facebook/Instagram Feed portrait,4:5,1080,1350,assets/ad-exports/meta/feed-portrait-1080x1350/antsjets-real-block-driveway-garage-before-after-1080x1350.jpg
real-block-driveway-garage-before-after,Real garage driveway 50/50,Driveway retargeting,real-proof,assets/images/real-work/real-block-driveway-garage-before-after.webp,1600,1060,meta,stories-reels-1080x1920,Stories/Reels vertical,9:16,1080,1920,assets/ad-exports/meta/stories-reels-1080x1920/antsjets-real-block-driveway-garage-before-after-1080x1920.jpg
real-block-driveway-garage-before-after,Real garage driveway 50/50,Driveway retargeting,real-proof,assets/images/real-work/real-block-driveway-garage-before-after.webp,1600,1060,meta,link-landscape-1200x628,Facebook link/ad landscape,1.91:1,1200,628,assets/ad-exports/meta/link-landscape-1200x628/antsjets-real-block-driveway-garage-before-after-1200x628.jpg
real-block-driveway-garage-before-after,Real garage driveway 50/50,Driveway retargeting,real-proof,assets/images/real-work/real-block-driveway-garage-before-after.webp,1600,1060,google,landscape-1200x628,Google Ads landscape image,1.91:1,1200,628,assets/ad-exports/google/landscape-1200x628/antsjets-real-block-driveway-garage-before-after-1200x628.jpg
real-block-driveway-garage-before-after,Real garage driveway 50/50,Driveway retargeting,real-proof,assets/images/real-work/real-block-driveway-garage-before-after.webp,1600,1060,google,square-1200x1200,Google Ads square image,1:1,1200,1200,assets/ad-exports/google/square-1200x1200/antsjets-real-block-driveway-garage-before-after-1200x1200.jpg
real-block-driveway-garage-before-after,Real garage driveway 50/50,Driveway retargeting,real-proof,assets/images/real-work/real-block-driveway-garage-before-after.webp,1600,1060,google,portrait-960x1200,Google Ads portrait image,4:5,960,1200,assets/ad-exports/google/portrait-960x1200/antsjets-real-block-driveway-garage-before-after-960x1200.jpg
real-block-driveway-garage-before-after,Real garage driveway 50/50,Driveway retargeting,real-proof,assets/images/real-work/real-block-driveway-garage-before-after.webp,1600,1060,google,display-300x250,Medium rectangle,6:5,300,250,assets/ad-exports/google/display-300x250/antsjets-real-block-driveway-garage-before-after-300x250.jpg
real-block-driveway-garage-before-after,Real garage driveway 50/50,Driveway retargeting,real-proof,assets/images/real-work/real-block-driveway-garage-before-after.webp,1600,1060,google,display-728x90,Leaderboard,728:90,728,90,assets/ad-exports/google/display-728x90/antsjets-real-block-driveway-garage-before-after-728x90.jpg
real-block-driveway-garage-before-after,Real garage driveway 50/50,Driveway retargeting,real-proof,assets/images/real-work/real-block-driveway-garage-before-after.webp,1600,1060,google,display-160x600,Wide skyscraper,4:15,160,600,assets/ad-exports/google/display-160x600/antsjets-real-block-driveway-garage-before-after-160x600.jpg
real-block-driveway-garage-before-after,Real garage driveway 50/50,Driveway retargeting,real-proof,assets/images/real-work/real-block-driveway-garage-before-after.webp,1600,1060,google,display-300x600,Half page,1:2,300,600,assets/ad-exports/google/display-300x600/antsjets-real-block-driveway-garage-before-after-300x600.jpg
real-block-driveway-garage-before-after,Real garage driveway 50/50,Driveway retargeting,real-proof,assets/images/real-work/real-block-driveway-garage-before-after.webp,1600,1060,google,display-320x50,Mobile leaderboard,32:5,320,50,assets/ad-exports/google/display-320x50/antsjets-real-block-driveway-garage-before-after-320x50.jpg
driveway-large-clean-stripe-guildford,Driveway clean stripe,Driveway broad test,test-image,assets/images/ai-visuals/webp/driveway-large-clean-stripe-guildford.webp,1344,752,meta,feed-square-1080x1080,Facebook/Instagram Feed square,1:1,1080,1080,assets/ad-exports/meta/feed-square-1080x1080/antsjets-driveway-large-clean-stripe-guildford-1080x1080.jpg
driveway-large-clean-stripe-guildford,Driveway clean stripe,Driveway broad test,test-image,assets/images/ai-visuals/webp/driveway-large-clean-stripe-guildford.webp,1344,752,meta,feed-portrait-1080x1350,Facebook/Instagram Feed portrait,4:5,1080,1350,assets/ad-exports/meta/feed-portrait-1080x1350/antsjets-driveway-large-clean-stripe-guildford-1080x1350.jpg
driveway-large-clean-stripe-guildford,Driveway clean stripe,Driveway broad test,test-image,assets/images/ai-visuals/webp/driveway-large-clean-stripe-guildford.webp,1344,752,meta,stories-reels-1080x1920,Stories/Reels vertical,9:16,1080,1920,assets/ad-exports/meta/stories-reels-1080x1920/antsjets-driveway-large-clean-stripe-guildford-1080x1920.jpg
driveway-large-clean-stripe-guildford,Driveway clean stripe,Driveway broad test,test-image,assets/images/ai-visuals/webp/driveway-large-clean-stripe-guildford.webp,1344,752,meta,link-landscape-1200x628,Facebook link/ad landscape,1.91:1,1200,628,assets/ad-exports/meta/link-landscape-1200x628/antsjets-driveway-large-clean-stripe-guildford-1200x628.jpg
driveway-large-clean-stripe-guildford,Driveway clean stripe,Driveway broad test,test-image,assets/images/ai-visuals/webp/driveway-large-clean-stripe-guildford.webp,1344,752,google,landscape-1200x628,Google Ads landscape image,1.91:1,1200,628,assets/ad-exports/google/landscape-1200x628/antsjets-driveway-large-clean-stripe-guildford-1200x628.jpg
driveway-large-clean-stripe-guildford,Driveway clean stripe,Driveway broad test,test-image,assets/images/ai-visuals/webp/driveway-large-clean-stripe-guildford.webp,1344,752,google,square-1200x1200,Google Ads square image,1:1,1200,1200,assets/ad-exports/google/square-1200x1200/antsjets-driveway-large-clean-stripe-guildford-1200x1200.jpg
driveway-large-clean-stripe-guildford,Driveway clean stripe,Driveway broad test,test-image,assets/images/ai-visuals/webp/driveway-large-clean-stripe-guildford.webp,1344,752,google,portrait-960x1200,Google Ads portrait image,4:5,960,1200,assets/ad-exports/google/portrait-960x1200/antsjets-driveway-large-clean-stripe-guildford-960x1200.jpg
driveway-large-clean-stripe-guildford,Driveway clean stripe,Driveway broad test,test-image,assets/images/ai-visuals/webp/driveway-large-clean-stripe-guildford.webp,1344,752,google,display-300x250,Medium rectangle,6:5,300,250,assets/ad-exports/google/display-300x250/antsjets-driveway-large-clean-stripe-guildford-300x250.jpg
driveway-large-clean-stripe-guildford,Driveway clean stripe,Driveway broad test,test-image,assets/images/ai-visuals/webp/driveway-large-clean-stripe-guildford.webp,1344,752,google,display-728x90,Leaderboard,728:90,728,90,assets/ad-exports/google/display-728x90/antsjets-driveway-large-clean-stripe-guildford-728x90.jpg
driveway-large-clean-stripe-guildford,Driveway clean stripe,Driveway broad test,test-image,assets/images/ai-visuals/webp/driveway-large-clean-stripe-guildford.webp,1344,752,google,display-160x600,Wide skyscraper,4:15,160,600,assets/ad-exports/google/display-160x600/antsjets-driveway-large-clean-stripe-guildford-160x600.jpg
driveway-large-clean-stripe-guildford,Driveway clean stripe,Driveway broad test,test-image,assets/images/ai-visuals/webp/driveway-large-clean-stripe-guildford.webp,1344,752,google,display-300x600,Half page,1:2,300,600,assets/ad-exports/google/display-300x600/antsjets-driveway-large-clean-stripe-guildford-300x600.jpg
driveway-large-clean-stripe-guildford,Driveway clean stripe,Driveway broad test,test-image,assets/images/ai-visuals/webp/driveway-large-clean-stripe-guildford.webp,1344,752,google,display-320x50,Mobile leaderboard,32:5,320,50,assets/ad-exports/google/display-320x50/antsjets-driveway-large-clean-stripe-guildford-320x50.jpg
patio-large-garden-before-after,Patio garden before/after,Patio refresh,test-image,assets/images/ai-visuals/webp/patio-large-garden-before-after.webp,1344,752,meta,feed-square-1080x1080,Facebook/Instagram Feed square,1:1,1080,1080,assets/ad-exports/meta/feed-square-1080x1080/antsjets-patio-large-garden-before-after-1080x1080.jpg
patio-large-garden-before-after,Patio garden before/after,Patio refresh,test-image,assets/images/ai-visuals/webp/patio-large-garden-before-after.webp,1344,752,meta,feed-portrait-1080x1350,Facebook/Instagram Feed portrait,4:5,1080,1350,assets/ad-exports/meta/feed-portrait-1080x1350/antsjets-patio-large-garden-before-after-1080x1350.jpg
patio-large-garden-before-after,Patio garden before/after,Patio refresh,test-image,assets/images/ai-visuals/webp/patio-large-garden-before-after.webp,1344,752,meta,stories-reels-1080x1920,Stories/Reels vertical,9:16,1080,1920,assets/ad-exports/meta/stories-reels-1080x1920/antsjets-patio-large-garden-before-after-1080x1920.jpg
patio-large-garden-before-after,Patio garden before/after,Patio refresh,test-image,assets/images/ai-visuals/webp/patio-large-garden-before-after.webp,1344,752,meta,link-landscape-1200x628,Facebook link/ad landscape,1.91:1,1200,628,assets/ad-exports/meta/link-landscape-1200x628/antsjets-patio-large-garden-before-after-1200x628.jpg
patio-large-garden-before-after,Patio garden before/after,Patio refresh,test-image,assets/images/ai-visuals/webp/patio-large-garden-before-after.webp,1344,752,google,landscape-1200x628,Google Ads landscape image,1.91:1,1200,628,assets/ad-exports/google/landscape-1200x628/antsjets-patio-large-garden-before-after-1200x628.jpg
patio-large-garden-before-after,Patio garden before/after,Patio refresh,test-image,assets/images/ai-visuals/webp/patio-large-garden-before-after.webp,1344,752,google,square-1200x1200,Google Ads square image,1:1,1200,1200,assets/ad-exports/google/square-1200x1200/antsjets-patio-large-garden-before-after-1200x1200.jpg
patio-large-garden-before-after,Patio garden before/after,Patio refresh,test-image,assets/images/ai-visuals/webp/patio-large-garden-before-after.webp,1344,752,google,portrait-960x1200,Google Ads portrait image,4:5,960,1200,assets/ad-exports/google/portrait-960x1200/antsjets-patio-large-garden-before-after-960x1200.jpg
patio-large-garden-before-after,Patio garden before/after,Patio refresh,test-image,assets/images/ai-visuals/webp/patio-large-garden-before-after.webp,1344,752,google,display-300x250,Medium rectangle,6:5,300,250,assets/ad-exports/google/display-300x250/antsjets-patio-large-garden-before-after-300x250.jpg
patio-large-garden-before-after,Patio garden before/after,Patio refresh,test-image,assets/images/ai-visuals/webp/patio-large-garden-before-after.webp,1344,752,google,display-728x90,Leaderboard,728:90,728,90,assets/ad-exports/google/display-728x90/antsjets-patio-large-garden-before-after-728x90.jpg
patio-large-garden-before-after,Patio garden before/after,Patio refresh,test-image,assets/images/ai-visuals/webp/patio-large-garden-before-after.webp,1344,752,google,display-160x600,Wide skyscraper,4:15,160,600,assets/ad-exports/google/display-160x600/antsjets-patio-large-garden-before-after-160x600.jpg
patio-large-garden-before-after,Patio garden before/after,Patio refresh,test-image,assets/images/ai-visuals/webp/patio-large-garden-before-after.webp,1344,752,google,display-300x600,Half page,1:2,300,600,assets/ad-exports/google/display-300x600/antsjets-patio-large-garden-before-after-300x600.jpg
patio-large-garden-before-after,Patio garden before/after,Patio refresh,test-image,assets/images/ai-visuals/webp/patio-large-garden-before-after.webp,1344,752,google,display-320x50,Mobile leaderboard,32:5,320,50,assets/ad-exports/google/display-320x50/antsjets-patio-large-garden-before-after-320x50.jpg
luxury-front-block-drive,Larger Surrey driveway,Higher-value driveway,test-image,assets/images/ai-visuals/webp/luxury-front-block-drive.webp,1600,904,meta,feed-square-1080x1080,Facebook/Instagram Feed square,1:1,1080,1080,assets/ad-exports/meta/feed-square-1080x1080/antsjets-luxury-front-block-drive-1080x1080.jpg
luxury-front-block-drive,Larger Surrey driveway,Higher-value driveway,test-image,assets/images/ai-visuals/webp/luxury-front-block-drive.webp,1600,904,meta,feed-portrait-1080x1350,Facebook/Instagram Feed portrait,4:5,1080,1350,assets/ad-exports/meta/feed-portrait-1080x1350/antsjets-luxury-front-block-drive-1080x1350.jpg
luxury-front-block-drive,Larger Surrey driveway,Higher-value driveway,test-image,assets/images/ai-visuals/webp/luxury-front-block-drive.webp,1600,904,meta,stories-reels-1080x1920,Stories/Reels vertical,9:16,1080,1920,assets/ad-exports/meta/stories-reels-1080x1920/antsjets-luxury-front-block-drive-1080x1920.jpg
luxury-front-block-drive,Larger Surrey driveway,Higher-value driveway,test-image,assets/images/ai-visuals/webp/luxury-front-block-drive.webp,1600,904,meta,link-landscape-1200x628,Facebook link/ad landscape,1.91:1,1200,628,assets/ad-exports/meta/link-landscape-1200x628/antsjets-luxury-front-block-drive-1200x628.jpg
luxury-front-block-drive,Larger Surrey driveway,Higher-value driveway,test-image,assets/images/ai-visuals/webp/luxury-front-block-drive.webp,1600,904,google,landscape-1200x628,Google Ads landscape image,1.91:1,1200,628,assets/ad-exports/google/landscape-1200x628/antsjets-luxury-front-block-drive-1200x628.jpg
luxury-front-block-drive,Larger Surrey driveway,Higher-value driveway,test-image,assets/images/ai-visuals/webp/luxury-front-block-drive.webp,1600,904,google,square-1200x1200,Google Ads square image,1:1,1200,1200,assets/ad-exports/google/square-1200x1200/antsjets-luxury-front-block-drive-1200x1200.jpg
luxury-front-block-drive,Larger Surrey driveway,Higher-value driveway,test-image,assets/images/ai-visuals/webp/luxury-front-block-drive.webp,1600,904,google,portrait-960x1200,Google Ads portrait image,4:5,960,1200,assets/ad-exports/google/portrait-960x1200/antsjets-luxury-front-block-drive-960x1200.jpg
luxury-front-block-drive,Larger Surrey driveway,Higher-value driveway,test-image,assets/images/ai-visuals/webp/luxury-front-block-drive.webp,1600,904,google,display-300x250,Medium rectangle,6:5,300,250,assets/ad-exports/google/display-300x250/antsjets-luxury-front-block-drive-300x250.jpg
luxury-front-block-drive,Larger Surrey driveway,Higher-value driveway,test-image,assets/images/ai-visuals/webp/luxury-front-block-drive.webp,1600,904,google,display-728x90,Leaderboard,728:90,728,90,assets/ad-exports/google/display-728x90/antsjets-luxury-front-block-drive-728x90.jpg
luxury-front-block-drive,Larger Surrey driveway,Higher-value driveway,test-image,assets/images/ai-visuals/webp/luxury-front-block-drive.webp,1600,904,google,display-160x600,Wide skyscraper,4:15,160,600,assets/ad-exports/google/display-160x600/antsjets-luxury-front-block-drive-160x600.jpg
luxury-front-block-drive,Larger Surrey driveway,Higher-value driveway,test-image,assets/images/ai-visuals/webp/luxury-front-block-drive.webp,1600,904,google,display-300x600,Half page,1:2,300,600,assets/ad-exports/google/display-300x600/antsjets-luxury-front-block-drive-300x600.jpg
luxury-front-block-drive,Larger Surrey driveway,Higher-value driveway,test-image,assets/images/ai-visuals/webp/luxury-front-block-drive.webp,1600,904,google,display-320x50,Mobile leaderboard,32:5,320,50,assets/ad-exports/google/display-320x50/antsjets-luxury-front-block-drive-320x50.jpg
luxury-indian-sandstone-patio,Indian sandstone patio,Premium patio,test-image,assets/images/ai-visuals/webp/luxury-indian-sandstone-patio.webp,1600,904,meta,feed-square-1080x1080,Facebook/Instagram Feed square,1:1,1080,1080,assets/ad-exports/meta/feed-square-1080x1080/antsjets-luxury-indian-sandstone-patio-1080x1080.jpg
luxury-indian-sandstone-patio,Indian sandstone patio,Premium patio,test-image,assets/images/ai-visuals/webp/luxury-indian-sandstone-patio.webp,1600,904,meta,feed-portrait-1080x1350,Facebook/Instagram Feed portrait,4:5,1080,1350,assets/ad-exports/meta/feed-portrait-1080x1350/antsjets-luxury-indian-sandstone-patio-1080x1350.jpg
luxury-indian-sandstone-patio,Indian sandstone patio,Premium patio,test-image,assets/images/ai-visuals/webp/luxury-indian-sandstone-patio.webp,1600,904,meta,stories-reels-1080x1920,Stories/Reels vertical,9:16,1080,1920,assets/ad-exports/meta/stories-reels-1080x1920/antsjets-luxury-indian-sandstone-patio-1080x1920.jpg
luxury-indian-sandstone-patio,Indian sandstone patio,Premium patio,test-image,assets/images/ai-visuals/webp/luxury-indian-sandstone-patio.webp,1600,904,meta,link-landscape-1200x628,Facebook link/ad landscape,1.91:1,1200,628,assets/ad-exports/meta/link-landscape-1200x628/antsjets-luxury-indian-sandstone-patio-1200x628.jpg
luxury-indian-sandstone-patio,Indian sandstone patio,Premium patio,test-image,assets/images/ai-visuals/webp/luxury-indian-sandstone-patio.webp,1600,904,google,landscape-1200x628,Google Ads landscape image,1.91:1,1200,628,assets/ad-exports/google/landscape-1200x628/antsjets-luxury-indian-sandstone-patio-1200x628.jpg
luxury-indian-sandstone-patio,Indian sandstone patio,Premium patio,test-image,assets/images/ai-visuals/webp/luxury-indian-sandstone-patio.webp,1600,904,google,square-1200x1200,Google Ads square image,1:1,1200,1200,assets/ad-exports/google/square-1200x1200/antsjets-luxury-indian-sandstone-patio-1200x1200.jpg
luxury-indian-sandstone-patio,Indian sandstone patio,Premium patio,test-image,assets/images/ai-visuals/webp/luxury-indian-sandstone-patio.webp,1600,904,google,portrait-960x1200,Google Ads portrait image,4:5,960,1200,assets/ad-exports/google/portrait-960x1200/antsjets-luxury-indian-sandstone-patio-960x1200.jpg
luxury-indian-sandstone-patio,Indian sandstone patio,Premium patio,test-image,assets/images/ai-visuals/webp/luxury-indian-sandstone-patio.webp,1600,904,google,display-300x250,Medium rectangle,6:5,300,250,assets/ad-exports/google/display-300x250/antsjets-luxury-indian-sandstone-patio-300x250.jpg
luxury-indian-sandstone-patio,Indian sandstone patio,Premium patio,test-image,assets/images/ai-visuals/webp/luxury-indian-sandstone-patio.webp,1600,904,google,display-728x90,Leaderboard,728:90,728,90,assets/ad-exports/google/display-728x90/antsjets-luxury-indian-sandstone-patio-728x90.jpg
luxury-indian-sandstone-patio,Indian sandstone patio,Premium patio,test-image,assets/images/ai-visuals/webp/luxury-indian-sandstone-patio.webp,1600,904,google,display-160x600,Wide skyscraper,4:15,160,600,assets/ad-exports/google/display-160x600/antsjets-luxury-indian-sandstone-patio-160x600.jpg
luxury-indian-sandstone-patio,Indian sandstone patio,Premium patio,test-image,assets/images/ai-visuals/webp/luxury-indian-sandstone-patio.webp,1600,904,google,display-300x600,Half page,1:2,300,600,assets/ad-exports/google/display-300x600/antsjets-luxury-indian-sandstone-patio-300x600.jpg
luxury-indian-sandstone-patio,Indian sandstone patio,Premium patio,test-image,assets/images/ai-visuals/webp/luxury-indian-sandstone-patio.webp,1600,904,google,display-320x50,Mobile leaderboard,32:5,320,50,assets/ad-exports/google/display-320x50/antsjets-luxury-indian-sandstone-patio-320x50.jpg
luxury-driveway-courtyard,Courtyard driveway,Higher-value home,test-image,assets/images/ai-visuals/webp/luxury-driveway-courtyard.webp,1600,904,meta,feed-square-1080x1080,Facebook/Instagram Feed square,1:1,1080,1080,assets/ad-exports/meta/feed-square-1080x1080/antsjets-luxury-driveway-courtyard-1080x1080.jpg
luxury-driveway-courtyard,Courtyard driveway,Higher-value home,test-image,assets/images/ai-visuals/webp/luxury-driveway-courtyard.webp,1600,904,meta,feed-portrait-1080x1350,Facebook/Instagram Feed portrait,4:5,1080,1350,assets/ad-exports/meta/feed-portrait-1080x1350/antsjets-luxury-driveway-courtyard-1080x1350.jpg
luxury-driveway-courtyard,Courtyard driveway,Higher-value home,test-image,assets/images/ai-visuals/webp/luxury-driveway-courtyard.webp,1600,904,meta,stories-reels-1080x1920,Stories/Reels vertical,9:16,1080,1920,assets/ad-exports/meta/stories-reels-1080x1920/antsjets-luxury-driveway-courtyard-1080x1920.jpg
luxury-driveway-courtyard,Courtyard driveway,Higher-value home,test-image,assets/images/ai-visuals/webp/luxury-driveway-courtyard.webp,1600,904,meta,link-landscape-1200x628,Facebook link/ad landscape,1.91:1,1200,628,assets/ad-exports/meta/link-landscape-1200x628/antsjets-luxury-driveway-courtyard-1200x628.jpg
luxury-driveway-courtyard,Courtyard driveway,Higher-value home,test-image,assets/images/ai-visuals/webp/luxury-driveway-courtyard.webp,1600,904,google,landscape-1200x628,Google Ads landscape image,1.91:1,1200,628,assets/ad-exports/google/landscape-1200x628/antsjets-luxury-driveway-courtyard-1200x628.jpg
luxury-driveway-courtyard,Courtyard driveway,Higher-value home,test-image,assets/images/ai-visuals/webp/luxury-driveway-courtyard.webp,1600,904,google,square-1200x1200,Google Ads square image,1:1,1200,1200,assets/ad-exports/google/square-1200x1200/antsjets-luxury-driveway-courtyard-1200x1200.jpg
luxury-driveway-courtyard,Courtyard driveway,Higher-value home,test-image,assets/images/ai-visuals/webp/luxury-driveway-courtyard.webp,1600,904,google,portrait-960x1200,Google Ads portrait image,4:5,960,1200,assets/ad-exports/google/portrait-960x1200/antsjets-luxury-driveway-courtyard-960x1200.jpg
luxury-driveway-courtyard,Courtyard driveway,Higher-value home,test-image,assets/images/ai-visuals/webp/luxury-driveway-courtyard.webp,1600,904,google,display-300x250,Medium rectangle,6:5,300,250,assets/ad-exports/google/display-300x250/antsjets-luxury-driveway-courtyard-300x250.jpg
luxury-driveway-courtyard,Courtyard driveway,Higher-value home,test-image,assets/images/ai-visuals/webp/luxury-driveway-courtyard.webp,1600,904,google,display-728x90,Leaderboard,728:90,728,90,assets/ad-exports/google/display-728x90/antsjets-luxury-driveway-courtyard-728x90.jpg
luxury-driveway-courtyard,Courtyard driveway,Higher-value home,test-image,assets/images/ai-visuals/webp/luxury-driveway-courtyard.webp,1600,904,google,display-160x600,Wide skyscraper,4:15,160,600,assets/ad-exports/google/display-160x600/antsjets-luxury-driveway-courtyard-160x600.jpg
luxury-driveway-courtyard,Courtyard driveway,Higher-value home,test-image,assets/images/ai-visuals/webp/luxury-driveway-courtyard.webp,1600,904,google,display-300x600,Half page,1:2,300,600,assets/ad-exports/google/display-300x600/antsjets-luxury-driveway-courtyard-300x600.jpg
luxury-driveway-courtyard,Courtyard driveway,Higher-value home,test-image,assets/images/ai-visuals/webp/luxury-driveway-courtyard.webp,1600,904,google,display-320x50,Mobile leaderboard,32:5,320,50,assets/ad-exports/google/display-320x50/antsjets-luxury-driveway-courtyard-320x50.jpg
luxury-gate-driveway,Gated driveway,Premium driveway,test-image,assets/images/ai-visuals/webp/luxury-gate-driveway.webp,1600,904,meta,feed-square-1080x1080,Facebook/Instagram Feed square,1:1,1080,1080,assets/ad-exports/meta/feed-square-1080x1080/antsjets-luxury-gate-driveway-1080x1080.jpg
luxury-gate-driveway,Gated driveway,Premium driveway,test-image,assets/images/ai-visuals/webp/luxury-gate-driveway.webp,1600,904,meta,feed-portrait-1080x1350,Facebook/Instagram Feed portrait,4:5,1080,1350,assets/ad-exports/meta/feed-portrait-1080x1350/antsjets-luxury-gate-driveway-1080x1350.jpg
luxury-gate-driveway,Gated driveway,Premium driveway,test-image,assets/images/ai-visuals/webp/luxury-gate-driveway.webp,1600,904,meta,stories-reels-1080x1920,Stories/Reels vertical,9:16,1080,1920,assets/ad-exports/meta/stories-reels-1080x1920/antsjets-luxury-gate-driveway-1080x1920.jpg
luxury-gate-driveway,Gated driveway,Premium driveway,test-image,assets/images/ai-visuals/webp/luxury-gate-driveway.webp,1600,904,meta,link-landscape-1200x628,Facebook link/ad landscape,1.91:1,1200,628,assets/ad-exports/meta/link-landscape-1200x628/antsjets-luxury-gate-driveway-1200x628.jpg
luxury-gate-driveway,Gated driveway,Premium driveway,test-image,assets/images/ai-visuals/webp/luxury-gate-driveway.webp,1600,904,google,landscape-1200x628,Google Ads landscape image,1.91:1,1200,628,assets/ad-exports/google/landscape-1200x628/antsjets-luxury-gate-driveway-1200x628.jpg
luxury-gate-driveway,Gated driveway,Premium driveway,test-image,assets/images/ai-visuals/webp/luxury-gate-driveway.webp,1600,904,google,square-1200x1200,Google Ads square image,1:1,1200,1200,assets/ad-exports/google/square-1200x1200/antsjets-luxury-gate-driveway-1200x1200.jpg
luxury-gate-driveway,Gated driveway,Premium driveway,test-image,assets/images/ai-visuals/webp/luxury-gate-driveway.webp,1600,904,google,portrait-960x1200,Google Ads portrait image,4:5,960,1200,assets/ad-exports/google/portrait-960x1200/antsjets-luxury-gate-driveway-960x1200.jpg
luxury-gate-driveway,Gated driveway,Premium driveway,test-image,assets/images/ai-visuals/webp/luxury-gate-driveway.webp,1600,904,google,display-300x250,Medium rectangle,6:5,300,250,assets/ad-exports/google/display-300x250/antsjets-luxury-gate-driveway-300x250.jpg
luxury-gate-driveway,Gated driveway,Premium driveway,test-image,assets/images/ai-visuals/webp/luxury-gate-driveway.webp,1600,904,google,display-728x90,Leaderboard,728:90,728,90,assets/ad-exports/google/display-728x90/antsjets-luxury-gate-driveway-728x90.jpg
luxury-gate-driveway,Gated driveway,Premium driveway,test-image,assets/images/ai-visuals/webp/luxury-gate-driveway.webp,1600,904,google,display-160x600,Wide skyscraper,4:15,160,600,assets/ad-exports/google/display-160x600/antsjets-luxury-gate-driveway-160x600.jpg
luxury-gate-driveway,Gated driveway,Premium driveway,test-image,assets/images/ai-visuals/webp/luxury-gate-driveway.webp,1600,904,google,display-300x600,Half page,1:2,300,600,assets/ad-exports/google/display-300x600/antsjets-luxury-gate-driveway-300x600.jpg
luxury-gate-driveway,Gated driveway,Premium driveway,test-image,assets/images/ai-visuals/webp/luxury-gate-driveway.webp,1600,904,google,display-320x50,Mobile leaderboard,32:5,320,50,assets/ad-exports/google/display-320x50/antsjets-luxury-gate-driveway-320x50.jpg
path-cleaning-side-return,Side path clean-up,Slippery paths,test-image,assets/images/ai-visuals/webp/path-cleaning-side-return.webp,1344,752,meta,feed-square-1080x1080,Facebook/Instagram Feed square,1:1,1080,1080,assets/ad-exports/meta/feed-square-1080x1080/antsjets-path-cleaning-side-return-1080x1080.jpg
path-cleaning-side-return,Side path clean-up,Slippery paths,test-image,assets/images/ai-visuals/webp/path-cleaning-side-return.webp,1344,752,meta,feed-portrait-1080x1350,Facebook/Instagram Feed portrait,4:5,1080,1350,assets/ad-exports/meta/feed-portrait-1080x1350/antsjets-path-cleaning-side-return-1080x1350.jpg
path-cleaning-side-return,Side path clean-up,Slippery paths,test-image,assets/images/ai-visuals/webp/path-cleaning-side-return.webp,1344,752,meta,stories-reels-1080x1920,Stories/Reels vertical,9:16,1080,1920,assets/ad-exports/meta/stories-reels-1080x1920/antsjets-path-cleaning-side-return-1080x1920.jpg
path-cleaning-side-return,Side path clean-up,Slippery paths,test-image,assets/images/ai-visuals/webp/path-cleaning-side-return.webp,1344,752,meta,link-landscape-1200x628,Facebook link/ad landscape,1.91:1,1200,628,assets/ad-exports/meta/link-landscape-1200x628/antsjets-path-cleaning-side-return-1200x628.jpg
path-cleaning-side-return,Side path clean-up,Slippery paths,test-image,assets/images/ai-visuals/webp/path-cleaning-side-return.webp,1344,752,google,landscape-1200x628,Google Ads landscape image,1.91:1,1200,628,assets/ad-exports/google/landscape-1200x628/antsjets-path-cleaning-side-return-1200x628.jpg
path-cleaning-side-return,Side path clean-up,Slippery paths,test-image,assets/images/ai-visuals/webp/path-cleaning-side-return.webp,1344,752,google,square-1200x1200,Google Ads square image,1:1,1200,1200,assets/ad-exports/google/square-1200x1200/antsjets-path-cleaning-side-return-1200x1200.jpg
path-cleaning-side-return,Side path clean-up,Slippery paths,test-image,assets/images/ai-visuals/webp/path-cleaning-side-return.webp,1344,752,google,portrait-960x1200,Google Ads portrait image,4:5,960,1200,assets/ad-exports/google/portrait-960x1200/antsjets-path-cleaning-side-return-960x1200.jpg
path-cleaning-side-return,Side path clean-up,Slippery paths,test-image,assets/images/ai-visuals/webp/path-cleaning-side-return.webp,1344,752,google,display-300x250,Medium rectangle,6:5,300,250,assets/ad-exports/google/display-300x250/antsjets-path-cleaning-side-return-300x250.jpg
path-cleaning-side-return,Side path clean-up,Slippery paths,test-image,assets/images/ai-visuals/webp/path-cleaning-side-return.webp,1344,752,google,display-728x90,Leaderboard,728:90,728,90,assets/ad-exports/google/display-728x90/antsjets-path-cleaning-side-return-728x90.jpg
path-cleaning-side-return,Side path clean-up,Slippery paths,test-image,assets/images/ai-visuals/webp/path-cleaning-side-return.webp,1344,752,google,display-160x600,Wide skyscraper,4:15,160,600,assets/ad-exports/google/display-160x600/antsjets-path-cleaning-side-return-160x600.jpg
path-cleaning-side-return,Side path clean-up,Slippery paths,test-image,assets/images/ai-visuals/webp/path-cleaning-side-return.webp,1344,752,google,display-300x600,Half page,1:2,300,600,assets/ad-exports/google/display-300x600/antsjets-path-cleaning-side-return-300x600.jpg
path-cleaning-side-return,Side path clean-up,Slippery paths,test-image,assets/images/ai-visuals/webp/path-cleaning-side-return.webp,1344,752,google,display-320x50,Mobile leaderboard,32:5,320,50,assets/ad-exports/google/display-320x50/antsjets-path-cleaning-side-return-320x50.jpg
decking-cleaning-garden,Decking cleaning,Garden/decking refresh,test-image,assets/images/ai-visuals/webp/decking-cleaning-garden.webp,1344,752,meta,feed-square-1080x1080,Facebook/Instagram Feed square,1:1,1080,1080,assets/ad-exports/meta/feed-square-1080x1080/antsjets-decking-cleaning-garden-1080x1080.jpg
decking-cleaning-garden,Decking cleaning,Garden/decking refresh,test-image,assets/images/ai-visuals/webp/decking-cleaning-garden.webp,1344,752,meta,feed-portrait-1080x1350,Facebook/Instagram Feed portrait,4:5,1080,1350,assets/ad-exports/meta/feed-portrait-1080x1350/antsjets-decking-cleaning-garden-1080x1350.jpg
decking-cleaning-garden,Decking cleaning,Garden/decking refresh,test-image,assets/images/ai-visuals/webp/decking-cleaning-garden.webp,1344,752,meta,stories-reels-1080x1920,Stories/Reels vertical,9:16,1080,1920,assets/ad-exports/meta/stories-reels-1080x1920/antsjets-decking-cleaning-garden-1080x1920.jpg
decking-cleaning-garden,Decking cleaning,Garden/decking refresh,test-image,assets/images/ai-visuals/webp/decking-cleaning-garden.webp,1344,752,meta,link-landscape-1200x628,Facebook link/ad landscape,1.91:1,1200,628,assets/ad-exports/meta/link-landscape-1200x628/antsjets-decking-cleaning-garden-1200x628.jpg
decking-cleaning-garden,Decking cleaning,Garden/decking refresh,test-image,assets/images/ai-visuals/webp/decking-cleaning-garden.webp,1344,752,google,landscape-1200x628,Google Ads landscape image,1.91:1,1200,628,assets/ad-exports/google/landscape-1200x628/antsjets-decking-cleaning-garden-1200x628.jpg
decking-cleaning-garden,Decking cleaning,Garden/decking refresh,test-image,assets/images/ai-visuals/webp/decking-cleaning-garden.webp,1344,752,google,square-1200x1200,Google Ads square image,1:1,1200,1200,assets/ad-exports/google/square-1200x1200/antsjets-decking-cleaning-garden-1200x1200.jpg
decking-cleaning-garden,Decking cleaning,Garden/decking refresh,test-image,assets/images/ai-visuals/webp/decking-cleaning-garden.webp,1344,752,google,portrait-960x1200,Google Ads portrait image,4:5,960,1200,assets/ad-exports/google/portrait-960x1200/antsjets-decking-cleaning-garden-960x1200.jpg
decking-cleaning-garden,Decking cleaning,Garden/decking refresh,test-image,assets/images/ai-visuals/webp/decking-cleaning-garden.webp,1344,752,google,display-300x250,Medium rectangle,6:5,300,250,assets/ad-exports/google/display-300x250/antsjets-decking-cleaning-garden-300x250.jpg
decking-cleaning-garden,Decking cleaning,Garden/decking refresh,test-image,assets/images/ai-visuals/webp/decking-cleaning-garden.webp,1344,752,google,display-728x90,Leaderboard,728:90,728,90,assets/ad-exports/google/display-728x90/antsjets-decking-cleaning-garden-728x90.jpg
decking-cleaning-garden,Decking cleaning,Garden/decking refresh,test-image,assets/images/ai-visuals/webp/decking-cleaning-garden.webp,1344,752,google,display-160x600,Wide skyscraper,4:15,160,600,assets/ad-exports/google/display-160x600/antsjets-decking-cleaning-garden-160x600.jpg
decking-cleaning-garden,Decking cleaning,Garden/decking refresh,test-image,assets/images/ai-visuals/webp/decking-cleaning-garden.webp,1344,752,google,display-300x600,Half page,1:2,300,600,assets/ad-exports/google/display-300x600/antsjets-decking-cleaning-garden-300x600.jpg
decking-cleaning-garden,Decking cleaning,Garden/decking refresh,test-image,assets/images/ai-visuals/webp/decking-cleaning-garden.webp,1344,752,google,display-320x50,Mobile leaderboard,32:5,320,50,assets/ad-exports/google/display-320x50/antsjets-decking-cleaning-garden-320x50.jpg
commercial-forecourt-large-before-after,Commercial forecourt,Commercial cleaning,test-image,assets/images/ai-visuals/webp/commercial-forecourt-large-before-after.webp,1600,904,meta,feed-square-1080x1080,Facebook/Instagram Feed square,1:1,1080,1080,assets/ad-exports/meta/feed-square-1080x1080/antsjets-commercial-forecourt-large-before-after-1080x1080.jpg
commercial-forecourt-large-before-after,Commercial forecourt,Commercial cleaning,test-image,assets/images/ai-visuals/webp/commercial-forecourt-large-before-after.webp,1600,904,meta,feed-portrait-1080x1350,Facebook/Instagram Feed portrait,4:5,1080,1350,assets/ad-exports/meta/feed-portrait-1080x1350/antsjets-commercial-forecourt-large-before-after-1080x1350.jpg
commercial-forecourt-large-before-after,Commercial forecourt,Commercial cleaning,test-image,assets/images/ai-visuals/webp/commercial-forecourt-large-before-after.webp,1600,904,meta,stories-reels-1080x1920,Stories/Reels vertical,9:16,1080,1920,assets/ad-exports/meta/stories-reels-1080x1920/antsjets-commercial-forecourt-large-before-after-1080x1920.jpg
commercial-forecourt-large-before-after,Commercial forecourt,Commercial cleaning,test-image,assets/images/ai-visuals/webp/commercial-forecourt-large-before-after.webp,1600,904,meta,link-landscape-1200x628,Facebook link/ad landscape,1.91:1,1200,628,assets/ad-exports/meta/link-landscape-1200x628/antsjets-commercial-forecourt-large-before-after-1200x628.jpg
commercial-forecourt-large-before-after,Commercial forecourt,Commercial cleaning,test-image,assets/images/ai-visuals/webp/commercial-forecourt-large-before-after.webp,1600,904,google,landscape-1200x628,Google Ads landscape image,1.91:1,1200,628,assets/ad-exports/google/landscape-1200x628/antsjets-commercial-forecourt-large-before-after-1200x628.jpg
commercial-forecourt-large-before-after,Commercial forecourt,Commercial cleaning,test-image,assets/images/ai-visuals/webp/commercial-forecourt-large-before-after.webp,1600,904,google,square-1200x1200,Google Ads square image,1:1,1200,1200,assets/ad-exports/google/square-1200x1200/antsjets-commercial-forecourt-large-before-after-1200x1200.jpg
commercial-forecourt-large-before-after,Commercial forecourt,Commercial cleaning,test-image,assets/images/ai-visuals/webp/commercial-forecourt-large-before-after.webp,1600,904,google,portrait-960x1200,Google Ads portrait image,4:5,960,1200,assets/ad-exports/google/portrait-960x1200/antsjets-commercial-forecourt-large-before-after-960x1200.jpg
commercial-forecourt-large-before-after,Commercial forecourt,Commercial cleaning,test-image,assets/images/ai-visuals/webp/commercial-forecourt-large-before-after.webp,1600,904,google,display-300x250,Medium rectangle,6:5,300,250,assets/ad-exports/google/display-300x250/antsjets-commercial-forecourt-large-before-after-300x250.jpg
commercial-forecourt-large-before-after,Commercial forecourt,Commercial cleaning,test-image,assets/images/ai-visuals/webp/commercial-forecourt-large-before-after.webp,1600,904,google,display-728x90,Leaderboard,728:90,728,90,assets/ad-exports/google/display-728x90/antsjets-commercial-forecourt-large-before-after-728x90.jpg
commercial-forecourt-large-before-after,Commercial forecourt,Commercial cleaning,test-image,assets/images/ai-visuals/webp/commercial-forecourt-large-before-after.webp,1600,904,google,display-160x600,Wide skyscraper,4:15,160,600,assets/ad-exports/google/display-160x600/antsjets-commercial-forecourt-large-before-after-160x600.jpg
commercial-forecourt-large-before-after,Commercial forecourt,Commercial cleaning,test-image,assets/images/ai-visuals/webp/commercial-forecourt-large-before-after.webp,1600,904,google,display-300x600,Half page,1:2,300,600,assets/ad-exports/google/display-300x600/antsjets-commercial-forecourt-large-before-after-300x600.jpg
commercial-forecourt-large-before-after,Commercial forecourt,Commercial cleaning,test-image,assets/images/ai-visuals/webp/commercial-forecourt-large-before-after.webp,1600,904,google,display-320x50,Mobile leaderboard,32:5,320,50,assets/ad-exports/google/display-320x50/antsjets-commercial-forecourt-large-before-after-320x50.jpg
commercial-shopfront-pavement-before-after,Shopfront pavement,Commercial entrances,test-image,assets/images/ai-visuals/webp/commercial-shopfront-pavement-before-after.webp,1600,904,meta,feed-square-1080x1080,Facebook/Instagram Feed square,1:1,1080,1080,assets/ad-exports/meta/feed-square-1080x1080/antsjets-commercial-shopfront-pavement-before-after-1080x1080.jpg
commercial-shopfront-pavement-before-after,Shopfront pavement,Commercial entrances,test-image,assets/images/ai-visuals/webp/commercial-shopfront-pavement-before-after.webp,1600,904,meta,feed-portrait-1080x1350,Facebook/Instagram Feed portrait,4:5,1080,1350,assets/ad-exports/meta/feed-portrait-1080x1350/antsjets-commercial-shopfront-pavement-before-after-1080x1350.jpg
commercial-shopfront-pavement-before-after,Shopfront pavement,Commercial entrances,test-image,assets/images/ai-visuals/webp/commercial-shopfront-pavement-before-after.webp,1600,904,meta,stories-reels-1080x1920,Stories/Reels vertical,9:16,1080,1920,assets/ad-exports/meta/stories-reels-1080x1920/antsjets-commercial-shopfront-pavement-before-after-1080x1920.jpg
commercial-shopfront-pavement-before-after,Shopfront pavement,Commercial entrances,test-image,assets/images/ai-visuals/webp/commercial-shopfront-pavement-before-after.webp,1600,904,meta,link-landscape-1200x628,Facebook link/ad landscape,1.91:1,1200,628,assets/ad-exports/meta/link-landscape-1200x628/antsjets-commercial-shopfront-pavement-before-after-1200x628.jpg
commercial-shopfront-pavement-before-after,Shopfront pavement,Commercial entrances,test-image,assets/images/ai-visuals/webp/commercial-shopfront-pavement-before-after.webp,1600,904,google,landscape-1200x628,Google Ads landscape image,1.91:1,1200,628,assets/ad-exports/google/landscape-1200x628/antsjets-commercial-shopfront-pavement-before-after-1200x628.jpg
commercial-shopfront-pavement-before-after,Shopfront pavement,Commercial entrances,test-image,assets/images/ai-visuals/webp/commercial-shopfront-pavement-before-after.webp,1600,904,google,square-1200x1200,Google Ads square image,1:1,1200,1200,assets/ad-exports/google/square-1200x1200/antsjets-commercial-shopfront-pavement-before-after-1200x1200.jpg
commercial-shopfront-pavement-before-after,Shopfront pavement,Commercial entrances,test-image,assets/images/ai-visuals/webp/commercial-shopfront-pavement-before-after.webp,1600,904,google,portrait-960x1200,Google Ads portrait image,4:5,960,1200,assets/ad-exports/google/portrait-960x1200/antsjets-commercial-shopfront-pavement-before-after-960x1200.jpg
commercial-shopfront-pavement-before-after,Shopfront pavement,Commercial entrances,test-image,assets/images/ai-visuals/webp/commercial-shopfront-pavement-before-after.webp,1600,904,google,display-300x250,Medium rectangle,6:5,300,250,assets/ad-exports/google/display-300x250/antsjets-commercial-shopfront-pavement-before-after-300x250.jpg
commercial-shopfront-pavement-before-after,Shopfront pavement,Commercial entrances,test-image,assets/images/ai-visuals/webp/commercial-shopfront-pavement-before-after.webp,1600,904,google,display-728x90,Leaderboard,728:90,728,90,assets/ad-exports/google/display-728x90/antsjets-commercial-shopfront-pavement-before-after-728x90.jpg
commercial-shopfront-pavement-before-after,Shopfront pavement,Commercial entrances,test-image,assets/images/ai-visuals/webp/commercial-shopfront-pavement-before-after.webp,1600,904,google,display-160x600,Wide skyscraper,4:15,160,600,assets/ad-exports/google/display-160x600/antsjets-commercial-shopfront-pavement-before-after-160x600.jpg
commercial-shopfront-pavement-before-after,Shopfront pavement,Commercial entrances,test-image,assets/images/ai-visuals/webp/commercial-shopfront-pavement-before-after.webp,1600,904,google,display-300x600,Half page,1:2,300,600,assets/ad-exports/google/display-300x600/antsjets-commercial-shopfront-pavement-before-after-300x600.jpg
commercial-shopfront-pavement-before-after,Shopfront pavement,Commercial entrances,test-image,assets/images/ai-visuals/webp/commercial-shopfront-pavement-before-after.webp,1600,904,google,display-320x50,Mobile leaderboard,32:5,320,50,assets/ad-exports/google/display-320x50/antsjets-commercial-shopfront-pavement-before-after-320x50.jpg
commercial-bin-yard-before-after,Bin yard / service area,Commercial service yards,test-image,assets/images/ai-visuals/webp/commercial-bin-yard-before-after.webp,1600,904,meta,feed-square-1080x1080,Facebook/Instagram Feed square,1:1,1080,1080,assets/ad-exports/meta/feed-square-1080x1080/antsjets-commercial-bin-yard-before-after-1080x1080.jpg
commercial-bin-yard-before-after,Bin yard / service area,Commercial service yards,test-image,assets/images/ai-visuals/webp/commercial-bin-yard-before-after.webp,1600,904,meta,feed-portrait-1080x1350,Facebook/Instagram Feed portrait,4:5,1080,1350,assets/ad-exports/meta/feed-portrait-1080x1350/antsjets-commercial-bin-yard-before-after-1080x1350.jpg
commercial-bin-yard-before-after,Bin yard / service area,Commercial service yards,test-image,assets/images/ai-visuals/webp/commercial-bin-yard-before-after.webp,1600,904,meta,stories-reels-1080x1920,Stories/Reels vertical,9:16,1080,1920,assets/ad-exports/meta/stories-reels-1080x1920/antsjets-commercial-bin-yard-before-after-1080x1920.jpg
commercial-bin-yard-before-after,Bin yard / service area,Commercial service yards,test-image,assets/images/ai-visuals/webp/commercial-bin-yard-before-after.webp,1600,904,meta,link-landscape-1200x628,Facebook link/ad landscape,1.91:1,1200,628,assets/ad-exports/meta/link-landscape-1200x628/antsjets-commercial-bin-yard-before-after-1200x628.jpg
commercial-bin-yard-before-after,Bin yard / service area,Commercial service yards,test-image,assets/images/ai-visuals/webp/commercial-bin-yard-before-after.webp,1600,904,google,landscape-1200x628,Google Ads landscape image,1.91:1,1200,628,assets/ad-exports/google/landscape-1200x628/antsjets-commercial-bin-yard-before-after-1200x628.jpg
commercial-bin-yard-before-after,Bin yard / service area,Commercial service yards,test-image,assets/images/ai-visuals/webp/commercial-bin-yard-before-after.webp,1600,904,google,square-1200x1200,Google Ads square image,1:1,1200,1200,assets/ad-exports/google/square-1200x1200/antsjets-commercial-bin-yard-before-after-1200x1200.jpg
commercial-bin-yard-before-after,Bin yard / service area,Commercial service yards,test-image,assets/images/ai-visuals/webp/commercial-bin-yard-before-after.webp,1600,904,google,portrait-960x1200,Google Ads portrait image,4:5,960,1200,assets/ad-exports/google/portrait-960x1200/antsjets-commercial-bin-yard-before-after-960x1200.jpg
commercial-bin-yard-before-after,Bin yard / service area,Commercial service yards,test-image,assets/images/ai-visuals/webp/commercial-bin-yard-before-after.webp,1600,904,google,display-300x250,Medium rectangle,6:5,300,250,assets/ad-exports/google/display-300x250/antsjets-commercial-bin-yard-before-after-300x250.jpg
commercial-bin-yard-before-after,Bin yard / service area,Commercial service yards,test-image,assets/images/ai-visuals/webp/commercial-bin-yard-before-after.webp,1600,904,google,display-728x90,Leaderboard,728:90,728,90,assets/ad-exports/google/display-728x90/antsjets-commercial-bin-yard-before-after-728x90.jpg
commercial-bin-yard-before-after,Bin yard / service area,Commercial service yards,test-image,assets/images/ai-visuals/webp/commercial-bin-yard-before-after.webp,1600,904,google,display-160x600,Wide skyscraper,4:15,160,600,assets/ad-exports/google/display-160x600/antsjets-commercial-bin-yard-before-after-160x600.jpg
commercial-bin-yard-before-after,Bin yard / service area,Commercial service yards,test-image,assets/images/ai-visuals/webp/commercial-bin-yard-before-after.webp,1600,904,google,display-300x600,Half page,1:2,300,600,assets/ad-exports/google/display-300x600/antsjets-commercial-bin-yard-before-after-300x600.jpg
commercial-bin-yard-before-after,Bin yard / service area,Commercial service yards,test-image,assets/images/ai-visuals/webp/commercial-bin-yard-before-after.webp,1600,904,google,display-320x50,Mobile leaderboard,32:5,320,50,assets/ad-exports/google/display-320x50/antsjets-commercial-bin-yard-before-after-320x50.jpg
commercial-school-playground-before-after,School paved areas,Schools/community,test-image,assets/images/ai-visuals/webp/commercial-school-playground-before-after.webp,1600,904,meta,feed-square-1080x1080,Facebook/Instagram Feed square,1:1,1080,1080,assets/ad-exports/meta/feed-square-1080x1080/antsjets-commercial-school-playground-before-after-1080x1080.jpg
commercial-school-playground-before-after,School paved areas,Schools/community,test-image,assets/images/ai-visuals/webp/commercial-school-playground-before-after.webp,1600,904,meta,feed-portrait-1080x1350,Facebook/Instagram Feed portrait,4:5,1080,1350,assets/ad-exports/meta/feed-portrait-1080x1350/antsjets-commercial-school-playground-before-after-1080x1350.jpg
commercial-school-playground-before-after,School paved areas,Schools/community,test-image,assets/images/ai-visuals/webp/commercial-school-playground-before-after.webp,1600,904,meta,stories-reels-1080x1920,Stories/Reels vertical,9:16,1080,1920,assets/ad-exports/meta/stories-reels-1080x1920/antsjets-commercial-school-playground-before-after-1080x1920.jpg
commercial-school-playground-before-after,School paved areas,Schools/community,test-image,assets/images/ai-visuals/webp/commercial-school-playground-before-after.webp,1600,904,meta,link-landscape-1200x628,Facebook link/ad landscape,1.91:1,1200,628,assets/ad-exports/meta/link-landscape-1200x628/antsjets-commercial-school-playground-before-after-1200x628.jpg
commercial-school-playground-before-after,School paved areas,Schools/community,test-image,assets/images/ai-visuals/webp/commercial-school-playground-before-after.webp,1600,904,google,landscape-1200x628,Google Ads landscape image,1.91:1,1200,628,assets/ad-exports/google/landscape-1200x628/antsjets-commercial-school-playground-before-after-1200x628.jpg
commercial-school-playground-before-after,School paved areas,Schools/community,test-image,assets/images/ai-visuals/webp/commercial-school-playground-before-after.webp,1600,904,google,square-1200x1200,Google Ads square image,1:1,1200,1200,assets/ad-exports/google/square-1200x1200/antsjets-commercial-school-playground-before-after-1200x1200.jpg
commercial-school-playground-before-after,School paved areas,Schools/community,test-image,assets/images/ai-visuals/webp/commercial-school-playground-before-after.webp,1600,904,google,portrait-960x1200,Google Ads portrait image,4:5,960,1200,assets/ad-exports/google/portrait-960x1200/antsjets-commercial-school-playground-before-after-960x1200.jpg
commercial-school-playground-before-after,School paved areas,Schools/community,test-image,assets/images/ai-visuals/webp/commercial-school-playground-before-after.webp,1600,904,google,display-300x250,Medium rectangle,6:5,300,250,assets/ad-exports/google/display-300x250/antsjets-commercial-school-playground-before-after-300x250.jpg
commercial-school-playground-before-after,School paved areas,Schools/community,test-image,assets/images/ai-visuals/webp/commercial-school-playground-before-after.webp,1600,904,google,display-728x90,Leaderboard,728:90,728,90,assets/ad-exports/google/display-728x90/antsjets-commercial-school-playground-before-after-728x90.jpg
commercial-school-playground-before-after,School paved areas,Schools/community,test-image,assets/images/ai-visuals/webp/commercial-school-playground-before-after.webp,1600,904,google,display-160x600,Wide skyscraper,4:15,160,600,assets/ad-exports/google/display-160x600/antsjets-commercial-school-playground-before-after-160x600.jpg
commercial-school-playground-before-after,School paved areas,Schools/community,test-image,assets/images/ai-visuals/webp/commercial-school-playground-before-after.webp,1600,904,google,display-300x600,Half page,1:2,300,600,assets/ad-exports/google/display-300x600/antsjets-commercial-school-playground-before-after-300x600.jpg
commercial-school-playground-before-after,School paved areas,Schools/community,test-image,assets/images/ai-visuals/webp/commercial-school-playground-before-after.webp,1600,904,google,display-320x50,Mobile leaderboard,32:5,320,50,assets/ad-exports/google/display-320x50/antsjets-commercial-school-playground-before-after-320x50.jpg
patio-repointing-before-after,Patio repointing,Repair/repointing,test-image,assets/images/ai-visuals/webp/patio-repointing-before-after.webp,1600,904,meta,feed-square-1080x1080,Facebook/Instagram Feed square,1:1,1080,1080,assets/ad-exports/meta/feed-square-1080x1080/antsjets-patio-repointing-before-after-1080x1080.jpg
patio-repointing-before-after,Patio repointing,Repair/repointing,test-image,assets/images/ai-visuals/webp/patio-repointing-before-after.webp,1600,904,meta,feed-portrait-1080x1350,Facebook/Instagram Feed portrait,4:5,1080,1350,assets/ad-exports/meta/feed-portrait-1080x1350/antsjets-patio-repointing-before-after-1080x1350.jpg
patio-repointing-before-after,Patio repointing,Repair/repointing,test-image,assets/images/ai-visuals/webp/patio-repointing-before-after.webp,1600,904,meta,stories-reels-1080x1920,Stories/Reels vertical,9:16,1080,1920,assets/ad-exports/meta/stories-reels-1080x1920/antsjets-patio-repointing-before-after-1080x1920.jpg
patio-repointing-before-after,Patio repointing,Repair/repointing,test-image,assets/images/ai-visuals/webp/patio-repointing-before-after.webp,1600,904,meta,link-landscape-1200x628,Facebook link/ad landscape,1.91:1,1200,628,assets/ad-exports/meta/link-landscape-1200x628/antsjets-patio-repointing-before-after-1200x628.jpg
patio-repointing-before-after,Patio repointing,Repair/repointing,test-image,assets/images/ai-visuals/webp/patio-repointing-before-after.webp,1600,904,google,landscape-1200x628,Google Ads landscape image,1.91:1,1200,628,assets/ad-exports/google/landscape-1200x628/antsjets-patio-repointing-before-after-1200x628.jpg
patio-repointing-before-after,Patio repointing,Repair/repointing,test-image,assets/images/ai-visuals/webp/patio-repointing-before-after.webp,1600,904,google,square-1200x1200,Google Ads square image,1:1,1200,1200,assets/ad-exports/google/square-1200x1200/antsjets-patio-repointing-before-after-1200x1200.jpg
patio-repointing-before-after,Patio repointing,Repair/repointing,test-image,assets/images/ai-visuals/webp/patio-repointing-before-after.webp,1600,904,google,portrait-960x1200,Google Ads portrait image,4:5,960,1200,assets/ad-exports/google/portrait-960x1200/antsjets-patio-repointing-before-after-960x1200.jpg
patio-repointing-before-after,Patio repointing,Repair/repointing,test-image,assets/images/ai-visuals/webp/patio-repointing-before-after.webp,1600,904,google,display-300x250,Medium rectangle,6:5,300,250,assets/ad-exports/google/display-300x250/antsjets-patio-repointing-before-after-300x250.jpg
patio-repointing-before-after,Patio repointing,Repair/repointing,test-image,assets/images/ai-visuals/webp/patio-repointing-before-after.webp,1600,904,google,display-728x90,Leaderboard,728:90,728,90,assets/ad-exports/google/display-728x90/antsjets-patio-repointing-before-after-728x90.jpg
patio-repointing-before-after,Patio repointing,Repair/repointing,test-image,assets/images/ai-visuals/webp/patio-repointing-before-after.webp,1600,904,google,display-160x600,Wide skyscraper,4:15,160,600,assets/ad-exports/google/display-160x600/antsjets-patio-repointing-before-after-160x600.jpg
patio-repointing-before-after,Patio repointing,Repair/repointing,test-image,assets/images/ai-visuals/webp/patio-repointing-before-after.webp,1600,904,google,display-300x600,Half page,1:2,300,600,assets/ad-exports/google/display-300x600/antsjets-patio-repointing-before-after-300x600.jpg
patio-repointing-before-after,Patio repointing,Repair/repointing,test-image,assets/images/ai-visuals/webp/patio-repointing-before-after.webp,1600,904,google,display-320x50,Mobile leaderboard,32:5,320,50,assets/ad-exports/google/display-320x50/antsjets-patio-repointing-before-after-320x50.jpg
patio-repair-loose-slabs-before-after,Patio repair,Loose slabs,test-image,assets/images/ai-visuals/webp/patio-repair-loose-slabs-before-after.webp,1600,904,meta,feed-square-1080x1080,Facebook/Instagram Feed square,1:1,1080,1080,assets/ad-exports/meta/feed-square-1080x1080/antsjets-patio-repair-loose-slabs-before-after-1080x1080.jpg
patio-repair-loose-slabs-before-after,Patio repair,Loose slabs,test-image,assets/images/ai-visuals/webp/patio-repair-loose-slabs-before-after.webp,1600,904,meta,feed-portrait-1080x1350,Facebook/Instagram Feed portrait,4:5,1080,1350,assets/ad-exports/meta/feed-portrait-1080x1350/antsjets-patio-repair-loose-slabs-before-after-1080x1350.jpg
patio-repair-loose-slabs-before-after,Patio repair,Loose slabs,test-image,assets/images/ai-visuals/webp/patio-repair-loose-slabs-before-after.webp,1600,904,meta,stories-reels-1080x1920,Stories/Reels vertical,9:16,1080,1920,assets/ad-exports/meta/stories-reels-1080x1920/antsjets-patio-repair-loose-slabs-before-after-1080x1920.jpg
patio-repair-loose-slabs-before-after,Patio repair,Loose slabs,test-image,assets/images/ai-visuals/webp/patio-repair-loose-slabs-before-after.webp,1600,904,meta,link-landscape-1200x628,Facebook link/ad landscape,1.91:1,1200,628,assets/ad-exports/meta/link-landscape-1200x628/antsjets-patio-repair-loose-slabs-before-after-1200x628.jpg
patio-repair-loose-slabs-before-after,Patio repair,Loose slabs,test-image,assets/images/ai-visuals/webp/patio-repair-loose-slabs-before-after.webp,1600,904,google,landscape-1200x628,Google Ads landscape image,1.91:1,1200,628,assets/ad-exports/google/landscape-1200x628/antsjets-patio-repair-loose-slabs-before-after-1200x628.jpg
patio-repair-loose-slabs-before-after,Patio repair,Loose slabs,test-image,assets/images/ai-visuals/webp/patio-repair-loose-slabs-before-after.webp,1600,904,google,square-1200x1200,Google Ads square image,1:1,1200,1200,assets/ad-exports/google/square-1200x1200/antsjets-patio-repair-loose-slabs-before-after-1200x1200.jpg
patio-repair-loose-slabs-before-after,Patio repair,Loose slabs,test-image,assets/images/ai-visuals/webp/patio-repair-loose-slabs-before-after.webp,1600,904,google,portrait-960x1200,Google Ads portrait image,4:5,960,1200,assets/ad-exports/google/portrait-960x1200/antsjets-patio-repair-loose-slabs-before-after-960x1200.jpg
patio-repair-loose-slabs-before-after,Patio repair,Loose slabs,test-image,assets/images/ai-visuals/webp/patio-repair-loose-slabs-before-after.webp,1600,904,google,display-300x250,Medium rectangle,6:5,300,250,assets/ad-exports/google/display-300x250/antsjets-patio-repair-loose-slabs-before-after-300x250.jpg
patio-repair-loose-slabs-before-after,Patio repair,Loose slabs,test-image,assets/images/ai-visuals/webp/patio-repair-loose-slabs-before-after.webp,1600,904,google,display-728x90,Leaderboard,728:90,728,90,assets/ad-exports/google/display-728x90/antsjets-patio-repair-loose-slabs-before-after-728x90.jpg
patio-repair-loose-slabs-before-after,Patio repair,Loose slabs,test-image,assets/images/ai-visuals/webp/patio-repair-loose-slabs-before-after.webp,1600,904,google,display-160x600,Wide skyscraper,4:15,160,600,assets/ad-exports/google/display-160x600/antsjets-patio-repair-loose-slabs-before-after-160x600.jpg
patio-repair-loose-slabs-before-after,Patio repair,Loose slabs,test-image,assets/images/ai-visuals/webp/patio-repair-loose-slabs-before-after.webp,1600,904,google,display-300x600,Half page,1:2,300,600,assets/ad-exports/google/display-300x600/antsjets-patio-repair-loose-slabs-before-after-300x600.jpg
patio-repair-loose-slabs-before-after,Patio repair,Loose slabs,test-image,assets/images/ai-visuals/webp/patio-repair-loose-slabs-before-after.webp,1600,904,google,display-320x50,Mobile leaderboard,32:5,320,50,assets/ad-exports/google/display-320x50/antsjets-patio-repair-loose-slabs-before-after-320x50.jpg
paving-repointing-path-before-after,Paving repointing,Paving joints,test-image,assets/images/ai-visuals/webp/paving-repointing-path-before-after.webp,1600,904,meta,feed-square-1080x1080,Facebook/Instagram Feed square,1:1,1080,1080,assets/ad-exports/meta/feed-square-1080x1080/antsjets-paving-repointing-path-before-after-1080x1080.jpg
paving-repointing-path-before-after,Paving repointing,Paving joints,test-image,assets/images/ai-visuals/webp/paving-repointing-path-before-after.webp,1600,904,meta,feed-portrait-1080x1350,Facebook/Instagram Feed portrait,4:5,1080,1350,assets/ad-exports/meta/feed-portrait-1080x1350/antsjets-paving-repointing-path-before-after-1080x1350.jpg
paving-repointing-path-before-after,Paving repointing,Paving joints,test-image,assets/images/ai-visuals/webp/paving-repointing-path-before-after.webp,1600,904,meta,stories-reels-1080x1920,Stories/Reels vertical,9:16,1080,1920,assets/ad-exports/meta/stories-reels-1080x1920/antsjets-paving-repointing-path-before-after-1080x1920.jpg
paving-repointing-path-before-after,Paving repointing,Paving joints,test-image,assets/images/ai-visuals/webp/paving-repointing-path-before-after.webp,1600,904,meta,link-landscape-1200x628,Facebook link/ad landscape,1.91:1,1200,628,assets/ad-exports/meta/link-landscape-1200x628/antsjets-paving-repointing-path-before-after-1200x628.jpg
paving-repointing-path-before-after,Paving repointing,Paving joints,test-image,assets/images/ai-visuals/webp/paving-repointing-path-before-after.webp,1600,904,google,landscape-1200x628,Google Ads landscape image,1.91:1,1200,628,assets/ad-exports/google/landscape-1200x628/antsjets-paving-repointing-path-before-after-1200x628.jpg
paving-repointing-path-before-after,Paving repointing,Paving joints,test-image,assets/images/ai-visuals/webp/paving-repointing-path-before-after.webp,1600,904,google,square-1200x1200,Google Ads square image,1:1,1200,1200,assets/ad-exports/google/square-1200x1200/antsjets-paving-repointing-path-before-after-1200x1200.jpg
paving-repointing-path-before-after,Paving repointing,Paving joints,test-image,assets/images/ai-visuals/webp/paving-repointing-path-before-after.webp,1600,904,google,portrait-960x1200,Google Ads portrait image,4:5,960,1200,assets/ad-exports/google/portrait-960x1200/antsjets-paving-repointing-path-before-after-960x1200.jpg
paving-repointing-path-before-after,Paving repointing,Paving joints,test-image,assets/images/ai-visuals/webp/paving-repointing-path-before-after.webp,1600,904,google,display-300x250,Medium rectangle,6:5,300,250,assets/ad-exports/google/display-300x250/antsjets-paving-repointing-path-before-after-300x250.jpg
paving-repointing-path-before-after,Paving repointing,Paving joints,test-image,assets/images/ai-visuals/webp/paving-repointing-path-before-after.webp,1600,904,google,display-728x90,Leaderboard,728:90,728,90,assets/ad-exports/google/display-728x90/antsjets-paving-repointing-path-before-after-728x90.jpg
paving-repointing-path-before-after,Paving repointing,Paving joints,test-image,assets/images/ai-visuals/webp/paving-repointing-path-before-after.webp,1600,904,google,display-160x600,Wide skyscraper,4:15,160,600,assets/ad-exports/google/display-160x600/antsjets-paving-repointing-path-before-after-160x600.jpg
paving-repointing-path-before-after,Paving repointing,Paving joints,test-image,assets/images/ai-visuals/webp/paving-repointing-path-before-after.webp,1600,904,google,display-300x600,Half page,1:2,300,600,assets/ad-exports/google/display-300x600/antsjets-paving-repointing-path-before-after-300x600.jpg
paving-repointing-path-before-after,Paving repointing,Paving joints,test-image,assets/images/ai-visuals/webp/paving-repointing-path-before-after.webp,1600,904,google,display-320x50,Mobile leaderboard,32:5,320,50,assets/ad-exports/google/display-320x50/antsjets-paving-repointing-path-before-after-320x50.jpg
high-pressure-jet-washing-clean-stripe,High-pressure clean stripe,Close-up proof,test-image,assets/images/ai-visuals/webp/high-pressure-jet-washing-clean-stripe.webp,1600,904,meta,feed-square-1080x1080,Facebook/Instagram Feed square,1:1,1080,1080,assets/ad-exports/meta/feed-square-1080x1080/antsjets-high-pressure-jet-washing-clean-stripe-1080x1080.jpg
high-pressure-jet-washing-clean-stripe,High-pressure clean stripe,Close-up proof,test-image,assets/images/ai-visuals/webp/high-pressure-jet-washing-clean-stripe.webp,1600,904,meta,feed-portrait-1080x1350,Facebook/Instagram Feed portrait,4:5,1080,1350,assets/ad-exports/meta/feed-portrait-1080x1350/antsjets-high-pressure-jet-washing-clean-stripe-1080x1350.jpg
high-pressure-jet-washing-clean-stripe,High-pressure clean stripe,Close-up proof,test-image,assets/images/ai-visuals/webp/high-pressure-jet-washing-clean-stripe.webp,1600,904,meta,stories-reels-1080x1920,Stories/Reels vertical,9:16,1080,1920,assets/ad-exports/meta/stories-reels-1080x1920/antsjets-high-pressure-jet-washing-clean-stripe-1080x1920.jpg
high-pressure-jet-washing-clean-stripe,High-pressure clean stripe,Close-up proof,test-image,assets/images/ai-visuals/webp/high-pressure-jet-washing-clean-stripe.webp,1600,904,meta,link-landscape-1200x628,Facebook link/ad landscape,1.91:1,1200,628,assets/ad-exports/meta/link-landscape-1200x628/antsjets-high-pressure-jet-washing-clean-stripe-1200x628.jpg
high-pressure-jet-washing-clean-stripe,High-pressure clean stripe,Close-up proof,test-image,assets/images/ai-visuals/webp/high-pressure-jet-washing-clean-stripe.webp,1600,904,google,landscape-1200x628,Google Ads landscape image,1.91:1,1200,628,assets/ad-exports/google/landscape-1200x628/antsjets-high-pressure-jet-washing-clean-stripe-1200x628.jpg
high-pressure-jet-washing-clean-stripe,High-pressure clean stripe,Close-up proof,test-image,assets/images/ai-visuals/webp/high-pressure-jet-washing-clean-stripe.webp,1600,904,google,square-1200x1200,Google Ads square image,1:1,1200,1200,assets/ad-exports/google/square-1200x1200/antsjets-high-pressure-jet-washing-clean-stripe-1200x1200.jpg
high-pressure-jet-washing-clean-stripe,High-pressure clean stripe,Close-up proof,test-image,assets/images/ai-visuals/webp/high-pressure-jet-washing-clean-stripe.webp,1600,904,google,portrait-960x1200,Google Ads portrait image,4:5,960,1200,assets/ad-exports/google/portrait-960x1200/antsjets-high-pressure-jet-washing-clean-stripe-960x1200.jpg
high-pressure-jet-washing-clean-stripe,High-pressure clean stripe,Close-up proof,test-image,assets/images/ai-visuals/webp/high-pressure-jet-washing-clean-stripe.webp,1600,904,google,display-300x250,Medium rectangle,6:5,300,250,assets/ad-exports/google/display-300x250/antsjets-high-pressure-jet-washing-clean-stripe-300x250.jpg
high-pressure-jet-washing-clean-stripe,High-pressure clean stripe,Close-up proof,test-image,assets/images/ai-visuals/webp/high-pressure-jet-washing-clean-stripe.webp,1600,904,google,display-728x90,Leaderboard,728:90,728,90,assets/ad-exports/google/display-728x90/antsjets-high-pressure-jet-washing-clean-stripe-728x90.jpg
high-pressure-jet-washing-clean-stripe,High-pressure clean stripe,Close-up proof,test-image,assets/images/ai-visuals/webp/high-pressure-jet-washing-clean-stripe.webp,1600,904,google,display-160x600,Wide skyscraper,4:15,160,600,assets/ad-exports/google/display-160x600/antsjets-high-pressure-jet-washing-clean-stripe-160x600.jpg
high-pressure-jet-washing-clean-stripe,High-pressure clean stripe,Close-up proof,test-image,assets/images/ai-visuals/webp/high-pressure-jet-washing-clean-stripe.webp,1600,904,google,display-300x600,Half page,1:2,300,600,assets/ad-exports/google/display-300x600/antsjets-high-pressure-jet-washing-clean-stripe-300x600.jpg
high-pressure-jet-washing-clean-stripe,High-pressure clean stripe,Close-up proof,test-image,assets/images/ai-visuals/webp/high-pressure-jet-washing-clean-stripe.webp,1600,904,google,display-320x50,Mobile leaderboard,32:5,320,50,assets/ad-exports/google/display-320x50/antsjets-high-pressure-jet-washing-clean-stripe-320x50.jpg
roof-cleaning-moss-before-after,Roof moss clean,Roof cleaning,test-image,assets/images/ai-visuals/webp/roof-cleaning-moss-before-after.webp,1600,904,meta,feed-square-1080x1080,Facebook/Instagram Feed square,1:1,1080,1080,assets/ad-exports/meta/feed-square-1080x1080/antsjets-roof-cleaning-moss-before-after-1080x1080.jpg
roof-cleaning-moss-before-after,Roof moss clean,Roof cleaning,test-image,assets/images/ai-visuals/webp/roof-cleaning-moss-before-after.webp,1600,904,meta,feed-portrait-1080x1350,Facebook/Instagram Feed portrait,4:5,1080,1350,assets/ad-exports/meta/feed-portrait-1080x1350/antsjets-roof-cleaning-moss-before-after-1080x1350.jpg
roof-cleaning-moss-before-after,Roof moss clean,Roof cleaning,test-image,assets/images/ai-visuals/webp/roof-cleaning-moss-before-after.webp,1600,904,meta,stories-reels-1080x1920,Stories/Reels vertical,9:16,1080,1920,assets/ad-exports/meta/stories-reels-1080x1920/antsjets-roof-cleaning-moss-before-after-1080x1920.jpg
roof-cleaning-moss-before-after,Roof moss clean,Roof cleaning,test-image,assets/images/ai-visuals/webp/roof-cleaning-moss-before-after.webp,1600,904,meta,link-landscape-1200x628,Facebook link/ad landscape,1.91:1,1200,628,assets/ad-exports/meta/link-landscape-1200x628/antsjets-roof-cleaning-moss-before-after-1200x628.jpg
roof-cleaning-moss-before-after,Roof moss clean,Roof cleaning,test-image,assets/images/ai-visuals/webp/roof-cleaning-moss-before-after.webp,1600,904,google,landscape-1200x628,Google Ads landscape image,1.91:1,1200,628,assets/ad-exports/google/landscape-1200x628/antsjets-roof-cleaning-moss-before-after-1200x628.jpg
roof-cleaning-moss-before-after,Roof moss clean,Roof cleaning,test-image,assets/images/ai-visuals/webp/roof-cleaning-moss-before-after.webp,1600,904,google,square-1200x1200,Google Ads square image,1:1,1200,1200,assets/ad-exports/google/square-1200x1200/antsjets-roof-cleaning-moss-before-after-1200x1200.jpg
roof-cleaning-moss-before-after,Roof moss clean,Roof cleaning,test-image,assets/images/ai-visuals/webp/roof-cleaning-moss-before-after.webp,1600,904,google,portrait-960x1200,Google Ads portrait image,4:5,960,1200,assets/ad-exports/google/portrait-960x1200/antsjets-roof-cleaning-moss-before-after-960x1200.jpg
roof-cleaning-moss-before-after,Roof moss clean,Roof cleaning,test-image,assets/images/ai-visuals/webp/roof-cleaning-moss-before-after.webp,1600,904,google,display-300x250,Medium rectangle,6:5,300,250,assets/ad-exports/google/display-300x250/antsjets-roof-cleaning-moss-before-after-300x250.jpg
roof-cleaning-moss-before-after,Roof moss clean,Roof cleaning,test-image,assets/images/ai-visuals/webp/roof-cleaning-moss-before-after.webp,1600,904,google,display-728x90,Leaderboard,728:90,728,90,assets/ad-exports/google/display-728x90/antsjets-roof-cleaning-moss-before-after-728x90.jpg
roof-cleaning-moss-before-after,Roof moss clean,Roof cleaning,test-image,assets/images/ai-visuals/webp/roof-cleaning-moss-before-after.webp,1600,904,google,display-160x600,Wide skyscraper,4:15,160,600,assets/ad-exports/google/display-160x600/antsjets-roof-cleaning-moss-before-after-160x600.jpg
roof-cleaning-moss-before-after,Roof moss clean,Roof cleaning,test-image,assets/images/ai-visuals/webp/roof-cleaning-moss-before-after.webp,1600,904,google,display-300x600,Half page,1:2,300,600,assets/ad-exports/google/display-300x600/antsjets-roof-cleaning-moss-before-after-300x600.jpg
roof-cleaning-moss-before-after,Roof moss clean,Roof cleaning,test-image,assets/images/ai-visuals/webp/roof-cleaning-moss-before-after.webp,1600,904,google,display-320x50,Mobile leaderboard,32:5,320,50,assets/ad-exports/google/display-320x50/antsjets-roof-cleaning-moss-before-after-320x50.jpg
gutter-clearing-before-after,Gutter clearing,Guttering,test-image,assets/images/ai-visuals/webp/gutter-clearing-before-after.webp,1600,904,meta,feed-square-1080x1080,Facebook/Instagram Feed square,1:1,1080,1080,assets/ad-exports/meta/feed-square-1080x1080/antsjets-gutter-clearing-before-after-1080x1080.jpg
gutter-clearing-before-after,Gutter clearing,Guttering,test-image,assets/images/ai-visuals/webp/gutter-clearing-before-after.webp,1600,904,meta,feed-portrait-1080x1350,Facebook/Instagram Feed portrait,4:5,1080,1350,assets/ad-exports/meta/feed-portrait-1080x1350/antsjets-gutter-clearing-before-after-1080x1350.jpg
gutter-clearing-before-after,Gutter clearing,Guttering,test-image,assets/images/ai-visuals/webp/gutter-clearing-before-after.webp,1600,904,meta,stories-reels-1080x1920,Stories/Reels vertical,9:16,1080,1920,assets/ad-exports/meta/stories-reels-1080x1920/antsjets-gutter-clearing-before-after-1080x1920.jpg
gutter-clearing-before-after,Gutter clearing,Guttering,test-image,assets/images/ai-visuals/webp/gutter-clearing-before-after.webp,1600,904,meta,link-landscape-1200x628,Facebook link/ad landscape,1.91:1,1200,628,assets/ad-exports/meta/link-landscape-1200x628/antsjets-gutter-clearing-before-after-1200x628.jpg
gutter-clearing-before-after,Gutter clearing,Guttering,test-image,assets/images/ai-visuals/webp/gutter-clearing-before-after.webp,1600,904,google,landscape-1200x628,Google Ads landscape image,1.91:1,1200,628,assets/ad-exports/google/landscape-1200x628/antsjets-gutter-clearing-before-after-1200x628.jpg
gutter-clearing-before-after,Gutter clearing,Guttering,test-image,assets/images/ai-visuals/webp/gutter-clearing-before-after.webp,1600,904,google,square-1200x1200,Google Ads square image,1:1,1200,1200,assets/ad-exports/google/square-1200x1200/antsjets-gutter-clearing-before-after-1200x1200.jpg
gutter-clearing-before-after,Gutter clearing,Guttering,test-image,assets/images/ai-visuals/webp/gutter-clearing-before-after.webp,1600,904,google,portrait-960x1200,Google Ads portrait image,4:5,960,1200,assets/ad-exports/google/portrait-960x1200/antsjets-gutter-clearing-before-after-960x1200.jpg
gutter-clearing-before-after,Gutter clearing,Guttering,test-image,assets/images/ai-visuals/webp/gutter-clearing-before-after.webp,1600,904,google,display-300x250,Medium rectangle,6:5,300,250,assets/ad-exports/google/display-300x250/antsjets-gutter-clearing-before-after-300x250.jpg
gutter-clearing-before-after,Gutter clearing,Guttering,test-image,assets/images/ai-visuals/webp/gutter-clearing-before-after.webp,1600,904,google,display-728x90,Leaderboard,728:90,728,90,assets/ad-exports/google/display-728x90/antsjets-gutter-clearing-before-after-728x90.jpg
gutter-clearing-before-after,Gutter clearing,Guttering,test-image,assets/images/ai-visuals/webp/gutter-clearing-before-after.webp,1600,904,google,display-160x600,Wide skyscraper,4:15,160,600,assets/ad-exports/google/display-160x600/antsjets-gutter-clearing-before-after-160x600.jpg
gutter-clearing-before-after,Gutter clearing,Guttering,test-image,assets/images/ai-visuals/webp/gutter-clearing-before-after.webp,1600,904,google,display-300x600,Half page,1:2,300,600,assets/ad-exports/google/display-300x600/antsjets-gutter-clearing-before-after-300x600.jpg
gutter-clearing-before-after,Gutter clearing,Guttering,test-image,assets/images/ai-visuals/webp/gutter-clearing-before-after.webp,1600,904,google,display-320x50,Mobile leaderboard,32:5,320,50,assets/ad-exports/google/display-320x50/antsjets-gutter-clearing-before-after-320x50.jpg
